variant_id,position_1based,wt_base,mutant_base,delta_mfe_vs_wt,structure_diff_10nt,structure_diff_20nt,pairing_state_changed,distance_to_2C
pos346TtoC,346,T,C,-1.0,20,27,1,0.0
pos349TtoG,349,T,G,-1.0999999999999943,18,27,1,0.35900652382892
pos528TtoC,528,T,C,-1.0,20,31,1,0.42625656572611953
pos523CtoA,523,C,A,-0.6999999999999886,18,25,1,0.4375207794403887
pos349TtoA,349,T,A,-0.4000000000000057,18,28,1,0.46381040305072124
pos411CtoA,411,C,A,-0.5999999999999943,20,31,1,0.4646771206903898
pos525TtoG,525,T,G,-2.0,20,25,1,0.5092761594991307
pos410TtoC,410,T,C,-0.1999999999999886,20,31,1,0.5644602080736668
pos525TtoA,525,T,A,-0.4000000000000057,18,23,1,0.6208533108260429
pos526AtoC,526,A,C,0.4000000000000057,19,28,1,0.6799720822296405
pos435AtoC,435,A,C,-0.8000000000000114,16,26,1,0.7258778498107921
pos252CtoG,252,C,G,-0.6999999999999886,16,28,1,0.7332090970042875
pos634TtoG,634,T,G,-1.5999999999999946,17,23,1,0.737490140261102