screening_group,run,sample_id,FHB_normalized,SD
1,1st,1-1,125.72,4.3
1,1st,1-9,100.82,5.87
1,1st,1-15,93.65,8.96
1,1st,1-17,103.58,4.4
1,1st,1-19,105.91,3.31
1,1st,1-21,97.62,10.42
1,1st,1-22,19.81,2.27
1,1st,1-23,111.92,7.04
1,1st,1-24,425.59,1.87
1,1st,1-27,457.24,59.71
1,1st,1-28,91.31,0.33
1,1st,1-30,85.49,2.31
1,1st,1-31,96.26,0.42
1,1st,1-32,83.59,2.21
1,1st,1-33,84.64,0.16
1,1st,1-34,108.32,1.4
1,1st,1-35,87.99,3.72
1,1st,1-36,117.83,15.08
1,1st,1-37,67.32,0.5
1,1st,1-38,115.83,12.5
1,1st,1-41,9.82,0.02
1,1st,1-42,95.02,1.33
1,1st,1-43,136.9,1.54
1,1st,1-44,116.06,0.36
1,1st,1-45,94.4,0.79
1,1st,1-46,208.53,17.67
1,1st,1-47,85.55,11.63
1,1st,1-48,144.87,9.03
1,1st,2-1,127.85,7.69
1,1st,2-2,131.37,8.75
1,1st,2-3,76.07,8.42
1,1st,2-4,79.75,5.96
1,1st,2-5,73.73,5.14
1,1st,2-6,42.41,2.6
1,1st,2-7,82.12,5.02
1,2nd,1-49,2.2,0.31
1,2nd,1-50,91.41,6.28
1,2nd,1-51,41.37,2.14
1,2nd,1-52,86.73,4.88
1,2nd,1-53,96.2,3.95
1,2nd,1-54,90.37,0.5
1,2nd,1-55,91.14,5.02
1,2nd,1-56,91.69,9.71
1,2nd,1-57,2.76,0.08
1,2nd,1-58,141.88,2.2
1,2nd,1-59,97.62,2.26
1,2nd,1-60,138.91,40.36
1,2nd,1-61,1.72,0.33
1,2nd,1-62,150.59,8.01
1,2nd,1-63,59.95,2.32
1,2nd,1-64,38.21,2.69
1,2nd,1-65,12.68,0.47
1,2nd,1-66,98.31,1.88
1,2nd,1-67,129.27,3.69
1,2nd,1-68,165.06,6.61
1,2nd,1-69,113.7,3.29
1,2nd,1-71,101.09,3.46
1,2nd,1-72,120.81,3.09
1,2nd,1-73,107.51,6.33
1,2nd,1-74,109.98,2.85
1,2nd,1-75,370.66,16.38
1,2nd,1-76,124.53,3.27
1,2nd,1-77,112.32,8.14
1,2nd,1-78,111.31,5.69
1,2nd,1-79,187.11,21.42
1,2nd,1-80,100.85,4.03
1,2nd,1-82,88.05,2.7
1,2nd,1-83,90.46,3.48
1,2nd,1-84,97.89,5.1
1,2nd,1-85,103.7,4.38
1,2nd,1-86,88.73,2.23
1,2nd,1-87,125.39,1.9
1,2nd,1-89,44.58,1.87
1,2nd,1-90,168.96,12.08
1,2nd,1-91,169.72,6.78
1,2nd,1-92,121.43,8.24
1,2nd,1-93,141.01,7.34
1,2nd,1-94,103.44,5.19
1,2nd,1-95,107.05,2.16
1,2nd,1-96,100.98,9.58
1,3rd,1-97,238.35,21.55
1,3rd,1-98,247.41,22.66
1,3rd,1-99,356.45,45.69
1,3rd,1-100,234.41,24.85
1,3rd,1-101,355.84,13.23
1,3rd,1-102,76.35,1.59
1,3rd,1-103,327.96,0.32
1,3rd,1-104,224.92,9.36
1,3rd,1-105,221.09,7.27
1,3rd,1-106,78.09,22.64
1,3rd,1-107,217.36,3.7
1,3rd,1-108,205.03,7.5
1,3rd,1-109,64.65,5.41
1,3rd,1-111,30.14,0.27
1,3rd,1-112,235.31,9.96
1,3rd,1-113,295.19,17.19
1,3rd,1-114,244.3,14.86
1,3rd,1-115,212.74,3.29
1,3rd,1-116,271.4,3.73
1,3rd,1-117,825.18,30.11
1,3rd,1-118,254.48,1.69
1,3rd,1-119,196.34,5.49
1,3rd,1-120,164.41,9.25
1,3rd,1-121,199.61,6.75
1,3rd,1-122,25.09,8.66
1,3rd,1-123,108.75,48.91
1,3rd,1-124,191.17,83.05
1,3rd,1-125,155.46,55.87
1,3rd,1-126,147.32,46.23
1,3rd,1-127,139.99,47.41
1,3rd,1-128,218.77,51.37
1,3rd,1-129,145.36,43.69
1,3rd,1-130,216.42,68.23
1,3rd,1-131,544.77,139.5
1,3rd,1-132,151.12,64.17
1,3rd,1-133,1.56,0.67
1,3rd,1-134,120.53,6.31
1,3rd,1-135,72.91,9.17
1,3rd,1-136,113.64,14.22
1,3rd,1-137,119.82,22.24
1,3rd,1-138,80.71,13.7
1,3rd,1-139,82.69,12.54
1,3rd,1-140,118.55,24.61
1,3rd,1-141,88.45,13.25
1,3rd,1-142,89,9.57
1,3rd,1-143,0.93,0.2
1,3rd,1-144,129.05,1
1,1st,2-8,187.1,6.37
1,1st,2-9,323.98,5.62
1,1st,2-10,41.96,2.18
1,1st,2-11,152.12,3.87
1,1st,2-12,65.87,4.45
1,1st,2-13,228.63,8.04
1,1st,2-14,41.72,0.57
1,1st,2-15,111.3,5.22
1,1st,2-16,45.62,1.62
1,1st,2-17,94.34,5.11
1,1st,2-18,115.41,5.45
1,1st,2-19,188.15,5.36
1,1st,2-20,112.46,1.56
1,1st,2-21,1.41,0.08
1,1st,2-22,89.7,6.58
1,1st,2-23,394.63,9.37
1,1st,2-24,153.12,2.81
1,1st,2-25,103.89,4.55
1,1st,2-26,112.36,3.17
1,1st,2-27,103.49,1.57
1,1st,2-28,196.2,3.16
1,1st,2-29,110.12,4.01
1,1st,2-30,266.03,12.1
1,1st,2-31,33.02,1.1
1,1st,2-32,216.79,0.43
1,1st,2-33,109.12,6.08
1,1st,2-34,89.98,10.72
1,1st,2-35,243.79,26.05
1,1st,2-36,34.26,0.24
1,1st,2-41,96.11,6.01
1,1st,2-42,110.77,6.11
1,1st,2-43,29.92,3.78
1,1st,2-44,115.75,14.17
1,1st,2-47,116.15,14.82
1,1st,2-48,97.83,8.63
2,2nd,2-49,18.01,0.34
2,2nd,2-50,9.31,0.76
2,2nd,2-51,23.61,2.22
2,2nd,2-52,83.47,0.08
2,2nd,2-53,109.06,2.21
2,2nd,2-54,117.14,3.31
2,2nd,2-55,107.02,2.2
2,2nd,2-56,128.93,2.78
2,2nd,2-57,175.25,3.19
2,2nd,2-58,102.2,3.56
2,2nd,2-60,144.66,11.12
2,2nd,2-61,76.82,0.99
2,2nd,2-62,47.51,4.08
2,2nd,2-63,28.65,0
2,2nd,2-64,69.97,1.33
2,2nd,2-65,211.38,17.42
2,2nd,2-66,95.52,3.49
2,2nd,2-67,42.58,0.27
2,2nd,2-68,128.04,3.61
2,2nd,2-69,90.5,6.37
2,2nd,2-70,88.26,2.58
2,2nd,2-71,129.95,7.51
2,2nd,2-72,89.03,6.8
2,2nd,2-73,230.72,15.17
2,2nd,2-75,178.87,13.98
2,2nd,2-76,77.76,2.38
2,2nd,2-77,184.01,5.16
2,2nd,2-78,97.15,7.93
2,2nd,2-79,126.72,14.42
2,2nd,2-80,143.68,0.77
2,2nd,2-81,97.71,1.36
2,2nd,2-83,87.06,1.46
2,2nd,2-84,94.51,2.88
2,2nd,2-85,155.58,4.85
2,2nd,2-86,84.96,3.53
2,2nd,2-87,47.76,1.38
2,2nd,2-88,101.86,4.13
2,2nd,2-89,101.92,0.34
2,2nd,2-90,87.82,2.82
2,2nd,2-91,34.59,4.35
2,2nd,2-92,74.12,1.26
2,2nd,2-93,90.27,1.17
2,2nd,2-94,99.65,6.21
2,2nd,2-95,97.27,3.81
2,2nd,2-96,82.47,2.83
2,3rd,2-97,1.69,0
2,3rd,2-98,96.61,1.86
2,3rd,2-99,77.93,3.5
2,3rd,2-100,1.44,0.17
2,3rd,2-101,87.27,2.4
2,3rd,2-102,81.13,0.86
2,3rd,2-103,89.07,0.72
2,3rd,2-105,83.67,0.61
2,3rd,2-107,45.45,2.09
2,3rd,2-108,102.96,1.87
2,3rd,2-109,102.93,2.39
2,3rd,2-110,325.65,20.41
2,3rd,2-111,1.65,0.04
2,3rd,2-112,43.49,0.72
2,3rd,2-113,84.79,3.87
2,3rd,2-114,91.37,2.78
2,3rd,2-115,87.73,1.57
2,3rd,2-116,31.91,2.38
2,3rd,2-118,80.84,1.7
2,3rd,2-119,102.8,2.32
2,3rd,2-120,334.2,3.47
2,3rd,2-121,246.01,3.39
2,3rd,2-122,105.13,3.31
2,3rd,2-125,1.42,0.01
2,3rd,2-127,66.67,10.26
2,3rd,2-128,202.79,4.98
2,3rd,2-129,95.67,1.73
2,3rd,2-130,58.63,1
2,3rd,2-131,28.27,0.41
2,3rd,2-132,40.73,0.11
2,3rd,2-133,163.05,1.07
2,3rd,2-134,54.48,2.86
2,3rd,2-135,104.89,0.33
2,3rd,2-136,34.36,0.38
2,3rd,2-137,181.41,2.89
2,3rd,2-138,81.94,4.32
2,3rd,2-139,97.38,5.73
2,3rd,2-140,52.28,5.46
2,3rd,2-141,90.31,6.31
2,3rd,2-142,88,4.79
2,3rd,2-143,92.12,4.29
2,3rd,2-144,92.7,0.77
1,1st,1-24,609.26,53.95
1,1st,1-27,619.27,14
1,1st,1-46,165.71,3.22
1,1st,1-75,423.96,1.81
1,1st,1-97,96.19,3.9
1,1st,1-98,94.28,1
1,1st,1-99,142.11,2.79
1,1st,1-100,96.56,1.11
1,1st,1-101,169.03,7.47
1,1st,1-103,162.95,2.78
1,1st,1-104,104.07,7.56
1,1st,1-105,105.24,6.96
1,1st,1-107,97.42,0.5
1,1st,1-108,102.17,2.48
1,1st,1-112,104.71,6.63
1,1st,1-113,166.29,8.31
1,1st,1-114,113.87,2.52
1,1st,1-115,93,5.6
1,1st,1-116,123.51,4.26
1,1st,1-117,491.19,53.86
1,1st,1-118,103.2,11.76
1,1st,2-9,99.28,4.02
1,1st,2-13,28.6,0.47
1,1st,2-23,60.93,0.77
1,1st,2-30,168.68,7.13
1,1st,2-32,40.21,1.95
1,1st,2-35,40.12,2.13
1,1st,2-65,291.04,19.32
1,1st,2-73,361.61,12.88
1,1st,2-110,391.83,1.2
1,1st,2-120,373.87,22.91
1,1st,2-121,258,11.88
1,1st,2-128,220.6,7.45
3,1st,3-1,91.21,2.03
3,1st,3-3,248,11.24
3,1st,3-5,225.3,10.35
3,1st,3-6,205.64,19.32
3,1st,3-7,163.18,9.44
3,1st,3-8,399.07,22.14
3,1st,3-9,159.28,7.41
3,1st,3-11,3.66,0.18
3,1st,3-12,181.15,18.78
3,1st,3-13,525.02,11.41
3,1st,3-14,213.66,0.29
3,1st,3-15,220.48,4.26
3,1st,3-16,276.93,1.72
3,1st,3-17,114.53,0.1
3,1st,3-19,169.19,8.56
3,1st,3-20,165.24,3.69
3,1st,3-21,472.57,19.12
3,1st,3-22,160.48,10.51
3,1st,3-23,461.93,2.32
3,1st,3-24,11.99,0.08
3,1st,3-25,350.73,10.82
3,1st,3-26,27.84,1.57
3,1st,3-27,253.2,7.4
3,1st,3-29,81.54,0.99
3,1st,3-31,0.52,0.04
3,1st,3-32,1.55,0.2
3,1st,3-33,153.67,1.01
3,1st,3-34,158.81,1.99
3,1st,3-35,200.59,5.21
3,1st,3-36,251.91,6.95
3,1st,3-37,268.91,5.04
3,1st,3-38,3.98,0.24
3,1st,3-39,267.55,11.75
3,1st,3-41,490.93,22.55
3,1st,3-42,242.04,10.63
3,1st,3-43,375.99,13.83
3,1st,3-44,186.34,1.01
3,1st,3-45,540,23.54
3,1st,3-46,168.79,1.29
3,1st,3-48,441.34,6.87
