experiment,investigator,construct,Fluc_rep1,Fluc_rep2,Gluc_rep1,Gluc_rep2
SZ1_mutation,JW,SZ1,104418,125587,161750,213284
SZ1_mutation,JW,SZ1-0A,75640,120730,28300,40131
SZ1_mutation,JW,SZ1-0C,124372,92433,12824,9150
SZ1_mutation,JW,SZ1-0T,122397,52153,6947,4113
SZ1_mutation,JW,SZ1-0In,74114,130626,38045,51802
SZ1_mutation,JW,SZ1-0Del,80658,177078,13512,19560
SZ1_mutation,JW,SZ1-2A,195366,106694,42971,14054
SZ1_mutation,JW,SZ1-2C,64949,116124,86467,195098
SZ1_mutation,JW,SZ1-2G,225116,182191,25423,39395
SZ1_mutation,JW,SZ1-2In,122038,192317,7563,5894
SZ1_mutation,JW,SZ1-2Del,129548,125213,19743,15798
SZ1_mutation,YJ,SZ1,320426,269501,217519,188455
SZ1_mutation,YJ,SZ1-0A,316248,258671,90746,63993
SZ1_mutation,YJ,SZ1-0C,325926,302431,26217,25498
SZ1_mutation,YJ,SZ1-0T,271785,376572,15341,19911
SZ1_mutation,YJ,SZ1-0In,258889,269737,87241,98266
SZ1_mutation,YJ,SZ1-0Del,279602,427186,42551,66297
SZ1_mutation,YJ,SZ1-2A,336185,347723,42343,43844
SZ1_mutation,YJ,SZ1-2C,475472,417014,389330,362573
SZ1_mutation,YJ,SZ1-2G,285432,359147,30048,56644
SZ1_mutation,YJ,SZ1-2In,445098,397429,29058,29058
SZ1_mutation,YJ,SZ1-2Del,291874,264009,33880,28417
